A[A/C]A	3
A[A/C]G	5
A[A/C]T	3
A[A/G]A	7
A[A/G]C	12
A[A/G]G	5
A[A/G]T	8
A[A/T]A	12
A[A/T]C	6
A[A/T]G	7
A[A/T]T	4
A[C/A]A	14
A[C/A]C	10
A[C/A]G	1
A[C/A]T	13
A[C/G]A	17
A[C/G]C	4
A[C/G]T	13
A[C/T]A	15
A[C/T]C	4
A[C/T]G	41
A[C/T]T	10
A[G/A]A	419
A[G/A]C	9
A[G/A]G	20
A[G/A]T	4
A[G/C]A	769
A[G/C]C	8
A[G/C]G	11
A[G/C]T	19
A[G/T]A	34
A[G/T]C	10
A[G/T]G	7
A[G/T]T	11
A[T/A]A	4
A[T/A]C	4
A[T/A]G	3
A[T/A]T	6
A[T/C]A	9
A[T/C]C	4
A[T/C]G	6
A[T/C]T	12
A[T/G]A	6
A[T/G]C	1
A[T/G]G	5
A[T/G]T	3
C[A/C]A	1
C[A/C]C	1
C[A/C]G	2
C[A/C]T	8
C[A/G]A	5
C[A/G]C	3
C[A/G]G	4
C[A/G]T	2
C[A/T]A	2
C[A/T]G	3
C[A/T]T	4
C[C/A]A	14
C[C/A]C	4
C[C/A]T	13
C[C/G]A	15
C[C/G]C	2
C[C/G]G	1
C[C/G]T	12
C[C/T]A	39
C[C/T]C	6
C[C/T]G	21
C[C/T]T	25
C[G/A]A	54
C[G/A]C	26
C[G/A]G	21
C[G/A]T	55
C[G/C]A	15
C[G/C]C	1
C[G/C]G	1
C[G/T]A	4
C[G/T]G	2
C[T/A]A	3
C[T/A]C	4
C[T/A]G	2
C[T/A]T	11
C[T/C]A	3
C[T/C]C	5
C[T/C]G	3
C[T/C]T	6
C[T/G]A	1
C[T/G]C	1
C[T/G]G	3
C[T/G]T	4
G[A/C]A	2
G[A/C]C	2
G[A/C]G	4
G[A/C]T	1
G[A/G]A	4
G[A/G]C	3
G[A/G]G	8
G[A/G]T	6
G[A/T]A	5
G[A/T]G	1
G[A/T]T	3
G[C/A]A	14
G[C/A]C	1
G[C/A]T	5
G[C/G]A	7
G[C/G]C	3
G[C/G]T	7
G[C/T]A	12
G[C/T]C	7
G[C/T]G	19
G[C/T]T	12
G[G/A]A	128
G[G/A]C	8
G[G/A]G	8
G[G/A]T	6
G[G/C]A	168
G[G/C]C	1
G[G/C]G	3
G[G/C]T	4
G[G/T]A	29
G[G/T]C	6
G[G/T]G	5
G[G/T]T	5
G[T/A]A	3
G[T/A]C	3
G[T/A]G	1
G[T/A]T	3
G[T/C]A	3
G[T/C]C	3
G[T/C]G	2
G[T/C]T	3
G[T/G]A	1
G[T/G]C	3
G[T/G]G	2
G[T/G]T	3
T[A/C]A	4
T[A/C]G	2
T[A/C]T	4
T[A/G]A	1
T[A/G]C	4
T[A/G]G	5
T[A/G]T	3
T[A/T]A	8
T[A/T]C	5
T[A/T]G	5
T[A/T]T	5
T[C/A]A	76
T[C/A]C	40
T[C/A]G	3
T[C/A]T	46
T[C/G]A	666
T[C/G]C	147
T[C/G]G	12
T[C/G]T	772
T[C/T]A	828
T[C/T]C	173
T[C/T]G	74
T[C/T]T	414
T[G/A]A	854
T[G/A]C	16
T[G/A]G	37
T[G/A]T	19
T[G/C]A	760
T[G/C]C	4
T[G/C]G	27
T[G/C]T	14
T[G/T]A	74
T[G/T]C	15
T[G/T]G	13
T[G/T]T	19
T[T/A]A	5
T[T/A]C	3
T[T/A]G	2
T[T/A]T	21
T[T/C]A	1
T[T/C]C	7
T[T/C]G	1
T[T/C]T	3
T[T/G]A	1
T[T/G]G	3
T[T/G]T	7
