A[A/C]A	4199
A[A/C]C	1598
A[A/C]G	3451
A[A/C]T	2073
A[A/G]A	9106
A[A/G]C	7607
A[A/G]G	7748
A[A/G]T	12397
A[A/T]A	4710
A[A/T]C	1917
A[A/T]G	4615
A[A/T]T	4066
A[C/A]A	8297
A[C/A]C	5069
A[C/A]G	1053
A[C/A]T	5086
A[C/G]A	2411
A[C/G]C	1373
A[C/G]G	367
A[C/G]T	2751
A[C/T]A	7172
A[C/T]C	3691
A[C/T]G	4044
A[C/T]T	4967
A[G/A]A	9606
A[G/A]C	5810
A[G/A]G	8883
A[G/A]T	4729
A[G/C]A	5557
A[G/C]C	1501
A[G/C]G	2664
A[G/C]T	2643
A[G/T]A	7945
A[G/T]C	3868
A[G/T]G	6319
A[G/T]T	5045
A[T/A]A	4708
A[T/A]C	2734
A[T/A]G	3914
A[T/A]T	4539
A[T/C]A	20000
A[T/C]C	5940
A[T/C]G	12793
A[T/C]T	12520
A[T/G]A	1645
A[T/G]C	892
A[T/G]G	1340
A[T/G]T	2059
C[A/C]A	1610
C[A/C]C	1400
C[A/C]G	1665
C[A/C]T	1352
C[A/G]A	6515
C[A/G]C	6477
C[A/G]G	6906
C[A/G]T	12897
C[A/T]A	2940
C[A/T]C	2245
C[A/T]G	4549
C[A/T]T	3862
C[C/A]A	8060
C[C/A]C	6167
C[C/A]G	1118
C[C/A]T	6188
C[C/G]A	1800
C[C/G]C	1827
C[C/G]G	455
C[C/G]T	2681
C[C/T]A	7619
C[C/T]C	5616
C[C/T]G	2863
C[C/T]T	8726
C[G/A]A	2183
C[G/A]C	3487
C[G/A]G	2878
C[G/A]T	4049
C[G/C]A	357
C[G/C]C	360
C[G/C]G	443
C[G/C]T	398
C[G/T]A	1029
C[G/T]C	936
C[G/T]G	1096
C[G/T]T	970
C[T/A]A	3033
C[T/A]C	4161
C[T/A]G	4703
C[T/A]T	4628
C[T/C]A	7146
C[T/C]C	7424
C[T/C]G	6775
C[T/C]T	8084
C[T/G]A	1012
C[T/G]C	1611
C[T/G]G	1678
C[T/G]T	3376
G[A/C]A	1477
G[A/C]C	661
G[A/C]G	1574
G[A/C]T	949
G[A/G]A	6559
G[A/G]C	4724
G[A/G]G	7535
G[A/G]T	6002
G[A/T]A	4104
G[A/T]C	1600
G[A/T]G	4423
G[A/T]T	2807
G[C/A]A	5405
G[C/A]C	4528
G[C/A]G	907
G[C/A]T	3842
G[C/G]A	1178
G[C/G]C	1451
G[C/G]G	293
G[C/G]T	1518
G[C/T]A	6406
G[C/T]C	5027
G[C/T]G	3403
G[C/T]T	5603
G[G/A]A	6171
G[G/A]C	4888
G[G/A]G	5532
G[G/A]T	3607
G[G/C]A	2506
G[G/C]C	1406
G[G/C]G	1756
G[G/C]T	1399
G[G/T]A	6915
G[G/T]C	4329
G[G/T]G	6259
G[G/T]T	4947
G[T/A]A	1800
G[T/A]C	1718
G[T/A]G	2300
G[T/A]T	1989
G[T/C]A	9612
G[T/C]C	4732
G[T/C]G	6402
G[T/C]T	7696
G[T/G]A	688
G[T/G]C	689
G[T/G]G	1307
G[T/G]T	1703
T[A/C]A	1800
T[A/C]C	722
T[A/C]G	1079
T[A/C]T	1655
T[A/G]A	11734
T[A/G]C	9623
T[A/G]G	7461
T[A/G]T	19673
T[A/T]A	4493
T[A/T]C	1782
T[A/T]G	3292
T[A/T]T	4739
T[C/A]A	7324
T[C/A]C	6989
T[C/A]G	967
T[C/A]T	7687
T[C/G]A	2726
T[C/G]C	2527
T[C/G]G	345
T[C/G]T	5495
T[C/T]A	8037
T[C/T]C	6313
T[C/T]G	2163
T[C/T]T	9541
T[G/A]A	8022
T[G/A]C	6329
T[G/A]G	7767
T[G/A]T	7231
T[G/C]A	2564
T[G/C]C	1210
T[G/C]G	1805
T[G/C]T	2287
T[G/T]A	7793
T[G/T]C	5521
T[G/T]G	8164
T[G/T]T	8434
T[T/A]A	4148
T[T/A]C	3867
T[T/A]G	2947
T[T/A]T	4997
T[T/C]A	11414
T[T/C]C	6486
T[T/C]G	6483
T[T/C]T	9092
T[T/G]A	1732
T[T/G]C	1451
T[T/G]G	1564
T[T/G]T	4150
