A[A/C]A	3566
A[A/C]C	1676
A[A/C]G	3019
A[A/C]T	1585
A[A/G]A	4996
A[A/G]C	4067
A[A/G]G	5676
A[A/G]T	6479
A[A/T]A	5372
A[A/T]C	3637
A[A/T]G	7359
A[A/T]T	4850
A[C/A]A	28565
A[C/A]C	15897
A[C/A]G	5622
A[C/A]T	18619
A[C/G]A	7696
A[C/G]C	3479
A[C/G]G	1397
A[C/G]T	5174
A[C/T]A	10474
A[C/T]C	5206
A[C/T]G	5153
A[C/T]T	6699
A[G/A]A	16601
A[G/A]C	5920
A[G/A]G	12674
A[G/A]T	6784
A[G/C]A	15370
A[G/C]C	3557
A[G/C]G	5284
A[G/C]T	5408
A[G/T]A	26148
A[G/T]C	13390
A[G/T]G	28238
A[G/T]T	18347
A[T/A]A	6640
A[T/A]C	3024
A[T/A]G	6627
A[T/A]T	4943
A[T/C]A	11908
A[T/C]C	2921
A[T/C]G	7949
A[T/C]T	6690
A[T/G]A	1731
A[T/G]C	668
A[T/G]G	1855
A[T/G]T	1613
C[A/C]A	2752
C[A/C]C	3660
C[A/C]G	2519
C[A/C]T	1836
C[A/G]A	3597
C[A/G]C	4311
C[A/G]G	5552
C[A/G]T	8029
C[A/T]A	4986
C[A/T]C	6428
C[A/T]G	12779
C[A/T]T	6507
C[C/A]A	34553
C[C/A]C	28231
C[C/A]G	7310
C[C/A]T	28095
C[C/G]A	5484
C[C/G]C	4663
C[C/G]G	1778
C[C/G]T	5424
C[C/T]A	11335
C[C/T]C	8814
C[C/T]G	5274
C[C/T]T	12535
C[G/A]A	3868
C[G/A]C	4400
C[G/A]G	5366
C[G/A]T	5057
C[G/C]A	1428
C[G/C]C	1571
C[G/C]G	1763
C[G/C]T	1421
C[G/T]A	3748
C[G/T]C	5276
C[G/T]G	7406
C[G/T]T	5572
C[T/A]A	7346
C[T/A]C	5633
C[T/A]G	12795
C[T/A]T	7359
C[T/C]A	6403
C[T/C]C	3622
C[T/C]G	5550
C[T/C]T	5655
C[T/G]A	1115
C[T/G]C	1018
C[T/G]G	2473
C[T/G]T	3133
G[A/C]A	1110
G[A/C]C	737
G[A/C]G	1062
G[A/C]T	720
G[A/G]A	3104
G[A/G]C	2264
G[A/G]G	3590
G[A/G]T	2878
G[A/T]A	2866
G[A/T]C	2346
G[A/T]G	5516
G[A/T]T	2962
G[C/A]A	19669
G[C/A]C	14975
G[C/A]G	5183
G[C/A]T	13179
G[C/G]A	4376
G[C/G]C	3804
G[C/G]G	1626
G[C/G]T	3686
G[C/T]A	6323
G[C/T]C	5185
G[C/T]G	4574
G[C/T]T	5945
G[G/A]A	10257
G[G/A]C	5253
G[G/A]G	8710
G[G/A]T	5165
G[G/C]A	6961
G[G/C]C	3742
G[G/C]G	4466
G[G/C]T	3410
G[G/T]A	22348
G[G/T]C	15002
G[G/T]G	28053
G[G/T]T	15747
G[T/A]A	5093
G[T/A]C	2242
G[T/A]G	6380
G[T/A]T	3610
G[T/C]A	5402
G[T/C]C	2305
G[T/C]G	4183
G[T/C]T	3963
G[T/G]A	1133
G[T/G]C	784
G[T/G]G	3629
G[T/G]T	1760
T[A/C]A	1890
T[A/C]C	1077
T[A/C]G	1103
T[A/C]T	1748
T[A/G]A	5908
T[A/G]C	5313
T[A/G]G	6458
T[A/G]T	11957
T[A/T]A	6690
T[A/T]C	5084
T[A/T]G	7564
T[A/T]T	6608
T[C/A]A	23820
T[C/A]C	22599
T[C/A]G	3786
T[C/A]T	25825
T[C/G]A	12742
T[C/G]C	6956
T[C/G]G	1464
T[C/G]T	15623
T[C/T]A	18297
T[C/T]C	10198
T[C/T]G	3725
T[C/T]T	15782
T[G/A]A	18177
T[G/A]C	6316
T[G/A]G	11303
T[G/A]T	10584
T[G/C]A	12792
T[G/C]C	4530
T[G/C]G	5623
T[G/C]T	7770
T[G/T]A	24208
T[G/T]C	19546
T[G/T]G	34739
T[G/T]T	28269
T[T/A]A	6426
T[T/A]C	2979
T[T/A]G	4915
T[T/A]T	5423
T[T/C]A	5731
T[T/C]C	3142
T[T/C]G	3516
T[T/C]T	4851
T[T/G]A	1846
T[T/G]C	1167
T[T/G]G	2721
T[T/G]T	3687
