A[A/C]A	49
A[A/C]C	16
A[A/C]G	23
A[A/C]T	28
A[A/G]A	87
A[A/G]C	67
A[A/G]G	61
A[A/G]T	116
A[A/T]A	69
A[A/T]C	38
A[A/T]G	51
A[A/T]T	57
A[C/A]A	84
A[C/A]C	76
A[C/A]G	12
A[C/A]T	81
A[C/G]A	42
A[C/G]C	19
A[C/G]G	12
A[C/G]T	37
A[C/T]A	150
A[C/T]C	63
A[C/T]G	450
A[C/T]T	105
A[G/A]A	106
A[G/A]C	124
A[G/A]G	169
A[G/A]T	98
A[G/C]A	56
A[G/C]C	17
A[G/C]G	22
A[G/C]T	31
A[G/T]A	77
A[G/T]C	36
A[G/T]G	52
A[G/T]T	66
A[T/A]A	47
A[T/A]C	29
A[T/A]G	50
A[T/A]T	67
A[T/C]A	126
A[T/C]C	50
A[T/C]G	76
A[T/C]T	126
A[T/G]A	21
A[T/G]C	7
A[T/G]G	22
A[T/G]T	18
C[A/C]A	16
C[A/C]C	12
C[A/C]G	14
C[A/C]T	12
C[A/G]A	40
C[A/G]C	41
C[A/G]G	45
C[A/G]T	77
C[A/T]A	16
C[A/T]C	14
C[A/T]G	33
C[A/T]T	37
C[C/A]A	54
C[C/A]C	40
C[C/A]G	16
C[C/A]T	54
C[C/G]A	20
C[C/G]C	13
C[C/G]G	10
C[C/G]T	31
C[C/T]A	91
C[C/T]C	119
C[C/T]G	240
C[C/T]T	156
C[G/A]A	180
C[G/A]C	232
C[G/A]G	230
C[G/A]T	442
C[G/C]A	9
C[G/C]C	4
C[G/C]G	10
C[G/C]T	13
C[G/T]A	10
C[G/T]C	7
C[G/T]G	13
C[G/T]T	11
C[T/A]A	19
C[T/A]C	31
C[T/A]G	29
C[T/A]T	33
C[T/C]A	50
C[T/C]C	48
C[T/C]G	31
C[T/C]T	61
C[T/G]A	8
C[T/G]C	20
C[T/G]G	14
C[T/G]T	29
G[A/C]A	13
G[A/C]C	5
G[A/C]G	12
G[A/C]T	10
G[A/G]A	79
G[A/G]C	44
G[A/G]G	55
G[A/G]T	49
G[A/T]A	27
G[A/T]C	8
G[A/T]G	20
G[A/T]T	26
G[C/A]A	61
G[C/A]C	33
G[C/A]G	4
G[C/A]T	38
G[C/G]A	7
G[C/G]C	9
G[C/G]G	3
G[C/G]T	13
G[C/T]A	92
G[C/T]C	100
G[C/T]G	229
G[C/T]T	130
G[G/A]A	104
G[G/A]C	116
G[G/A]G	108
G[G/A]T	82
G[G/C]A	20
G[G/C]C	15
G[G/C]G	16
G[G/C]T	18
G[G/T]A	47
G[G/T]C	24
G[G/T]G	52
G[G/T]T	67
G[T/A]A	19
G[T/A]C	13
G[T/A]G	21
G[T/A]T	27
G[T/C]A	50
G[T/C]C	33
G[T/C]G	51
G[T/C]T	66
G[T/G]A	7
G[T/G]C	6
G[T/G]G	20
G[T/G]T	16
T[A/C]A	21
T[A/C]C	8
T[A/C]G	7
T[A/C]T	14
T[A/G]A	65
T[A/G]C	58
T[A/G]G	50
T[A/G]T	130
T[A/T]A	49
T[A/T]C	24
T[A/T]G	13
T[A/T]T	44
T[C/A]A	70
T[C/A]C	47
T[C/A]G	8
T[C/A]T	79
T[C/G]A	23
T[C/G]C	27
T[C/G]G	9
T[C/G]T	56
T[C/T]A	103
T[C/T]C	93
T[C/T]G	154
T[C/T]T	97
T[G/A]A	85
T[G/A]C	78
T[G/A]G	104
T[G/A]T	134
T[G/C]A	21
T[G/C]C	16
T[G/C]G	15
T[G/C]T	34
T[G/T]A	49
T[G/T]C	51
T[G/T]G	56
T[G/T]T	99
T[T/A]A	47
T[T/A]C	31
T[T/A]G	14
T[T/A]T	52
T[T/C]A	68
T[T/C]C	69
T[T/C]G	35
T[T/C]T	81
T[T/G]A	23
T[T/G]C	10
T[T/G]G	25
T[T/G]T	45
