A[A/C]A	14
A[A/C]C	4
A[A/C]G	13
A[A/C]T	5
A[A/G]A	23
A[A/G]C	18
A[A/G]G	13
A[A/G]T	32
A[A/T]A	12
A[A/T]C	5
A[A/T]G	17
A[A/T]T	20
A[C/A]A	23
A[C/A]C	17
A[C/A]G	2
A[C/A]T	16
A[C/G]A	17
A[C/G]C	7
A[C/G]G	2
A[C/G]T	15
A[C/T]A	73
A[C/T]C	29
A[C/T]G	139
A[C/T]T	34
A[G/A]A	37
A[G/A]C	44
A[G/A]G	42
A[G/A]T	38
A[G/C]A	20
A[G/C]C	7
A[G/C]G	10
A[G/C]T	10
A[G/T]A	27
A[G/T]C	21
A[G/T]G	21
A[G/T]T	20
A[T/A]A	5
A[T/A]C	11
A[T/A]G	12
A[T/A]T	14
A[T/C]A	27
A[T/C]C	14
A[T/C]G	23
A[T/C]T	35
A[T/G]A	11
A[T/G]C	2
A[T/G]G	6
A[T/G]T	6
C[A/C]A	4
C[A/C]C	4
C[A/C]G	5
C[A/C]T	8
C[A/G]A	12
C[A/G]C	6
C[A/G]G	22
C[A/G]T	34
C[A/T]A	6
C[A/T]C	2
C[A/T]G	4
C[A/T]T	13
C[C/A]A	21
C[C/A]C	16
C[C/A]G	1
C[C/A]T	21
C[C/G]A	7
C[C/G]C	4
C[C/G]G	3
C[C/G]T	6
C[C/T]A	34
C[C/T]C	33
C[C/T]G	104
C[C/T]T	53
C[G/A]A	66
C[G/A]C	83
C[G/A]G	85
C[G/A]T	177
C[G/C]A	1
C[G/C]C	1
C[G/C]T	3
C[G/T]A	1
C[G/T]G	3
C[G/T]T	4
C[T/A]A	6
C[T/A]C	7
C[T/A]G	13
C[T/A]T	13
C[T/C]A	13
C[T/C]C	17
C[T/C]G	25
C[T/C]T	17
C[T/G]A	9
C[T/G]C	3
C[T/G]G	10
C[T/G]T	9
G[A/C]A	1
G[A/C]C	1
G[A/C]G	5
G[A/C]T	4
G[A/G]A	10
G[A/G]C	9
G[A/G]G	9
G[A/G]T	6
G[A/T]A	14
G[A/T]C	3
G[A/T]G	5
G[A/T]T	16
G[C/A]A	24
G[C/A]C	9
G[C/A]G	5
G[C/A]T	12
G[C/G]A	7
G[C/G]C	3
G[C/G]T	7
G[C/T]A	26
G[C/T]C	25
G[C/T]G	106
G[C/T]T	42
G[G/A]A	36
G[G/A]C	33
G[G/A]G	26
G[G/A]T	28
G[G/C]A	4
G[G/C]G	5
G[G/C]T	6
G[G/T]A	10
G[G/T]C	10
G[G/T]G	9
G[G/T]T	17
G[T/A]A	5
G[T/A]C	7
G[T/A]G	2
G[T/A]T	9
G[T/C]A	15
G[T/C]C	17
G[T/C]G	7
G[T/C]T	15
G[T/G]A	4
G[T/G]C	1
G[T/G]G	8
G[T/G]T	3
T[A/C]A	3
T[A/C]C	1
T[A/C]G	3
T[A/C]T	5
T[A/G]A	25
T[A/G]C	9
T[A/G]G	11
T[A/G]T	31
T[A/T]A	7
T[A/T]C	6
T[A/T]G	5
T[A/T]T	7
T[C/A]A	22
T[C/A]C	19
T[C/A]G	5
T[C/A]T	33
T[C/G]A	11
T[C/G]C	6
T[C/G]G	1
T[C/G]T	10
T[C/T]A	28
T[C/T]C	28
T[C/T]G	72
T[C/T]T	45
T[G/A]A	33
T[G/A]C	36
T[G/A]G	33
T[G/A]T	56
T[G/C]A	9
T[G/C]C	2
T[G/C]G	4
T[G/C]T	10
T[G/T]A	14
T[G/T]C	22
T[G/T]G	16
T[G/T]T	32
T[T/A]A	13
T[T/A]C	7
T[T/A]G	6
T[T/A]T	17
T[T/C]A	15
T[T/C]C	13
T[T/C]G	8
T[T/C]T	19
T[T/G]A	8
T[T/G]C	2
T[T/G]G	3
T[T/G]T	15
