A[A/C]A	2779
A[A/C]C	1418
A[A/C]G	1912
A[A/C]T	1322
A[A/G]A	2895
A[A/G]C	2290
A[A/G]G	2523
A[A/G]T	4317
A[A/T]A	3196
A[A/T]C	1656
A[A/T]G	2578
A[A/T]T	3159
A[C/A]A	4188
A[C/A]C	3568
A[C/A]G	542
A[C/A]T	3224
A[C/G]A	2773
A[C/G]C	1685
A[C/G]G	725
A[C/G]T	2805
A[C/T]A	4665
A[C/T]C	2394
A[C/T]G	6515
A[C/T]T	3437
A[G/A]A	16862
A[G/A]C	2990
A[G/A]G	4520
A[G/A]T	3442
A[G/C]A	25615
A[G/C]C	1896
A[G/C]G	2845
A[G/C]T	2867
A[G/T]A	6773
A[G/T]C	2430
A[G/T]G	3425
A[G/T]T	3306
A[T/A]A	1910
A[T/A]C	1926
A[T/A]G	2070
A[T/A]T	3244
A[T/C]A	4359
A[T/C]C	1867
A[T/C]G	3016
A[T/C]T	4343
A[T/G]A	1151
A[T/G]C	558
A[T/G]G	1320
A[T/G]T	1333
C[A/C]A	1603
C[A/C]C	3302
C[A/C]G	1465
C[A/C]T	1298
C[A/G]A	1493
C[A/G]C	1648
C[A/G]G	2059
C[A/G]T	3019
C[A/T]A	1145
C[A/T]C	1353
C[A/T]G	1885
C[A/T]T	2027
C[C/A]A	4000
C[C/A]C	3052
C[C/A]G	534
C[C/A]T	3356
C[C/G]A	2067
C[C/G]C	1732
C[C/G]G	629
C[C/G]T	2811
C[C/T]A	4243
C[C/T]C	3147
C[C/T]G	4346
C[C/T]T	4595
C[G/A]A	5148
C[G/A]C	4942
C[G/A]G	4275
C[G/A]T	6574
C[G/C]A	908
C[G/C]C	514
C[G/C]G	677
C[G/C]T	603
C[G/T]A	665
C[G/T]C	452
C[G/T]G	520
C[G/T]T	499
C[T/A]A	1488
C[T/A]C	2079
C[T/A]G	1949
C[T/A]T	2530
C[T/C]A	1835
C[T/C]C	2228
C[T/C]G	2076
C[T/C]T	2561
C[T/G]A	746
C[T/G]C	944
C[T/G]G	1539
C[T/G]T	2030
G[A/C]A	906
G[A/C]C	735
G[A/C]G	911
G[A/C]T	604
G[A/G]A	2186
G[A/G]C	1351
G[A/G]G	2212
G[A/G]T	1904
G[A/T]A	1523
G[A/T]C	1082
G[A/T]G	2028
G[A/T]T	1924
G[C/A]A	3084
G[C/A]C	2170
G[C/A]G	443
G[C/A]T	2405
G[C/G]A	1360
G[C/G]C	1346
G[C/G]G	557
G[C/G]T	1984
G[C/T]A	3481
G[C/T]C	2993
G[C/T]G	4825
G[C/T]T	3070
G[G/A]A	8903
G[G/A]C	2823
G[G/A]G	3115
G[G/A]T	2445
G[G/C]A	5788
G[G/C]C	1363
G[G/C]G	1660
G[G/C]T	1708
G[G/T]A	4707
G[G/T]C	2252
G[G/T]G	3054
G[G/T]T	3685
G[T/A]A	1063
G[T/A]C	1098
G[T/A]G	1242
G[T/A]T	1740
G[T/C]A	2100
G[T/C]C	1459
G[T/C]G	1570
G[T/C]T	2309
G[T/G]A	722
G[T/G]C	762
G[T/G]G	3207
G[T/G]T	1404
T[A/C]A	1246
T[A/C]C	768
T[A/C]G	760
T[A/C]T	1127
T[A/G]A	2434
T[A/G]C	2095
T[A/G]G	1896
T[A/G]T	4479
T[A/T]A	2997
T[A/T]C	1166
T[A/T]G	1428
T[A/T]T	1920
T[C/A]A	7202
T[C/A]C	4771
T[C/A]G	668
T[C/A]T	6886
T[C/G]A	18870
T[C/G]C	5859
T[C/G]G	916
T[C/G]T	25499
T[C/T]A	30687
T[C/T]C	8907
T[C/T]G	5276
T[C/T]T	17022
T[G/A]A	30804
T[G/A]C	3577
T[G/A]G	4294
T[G/A]T	4697
T[G/C]A	18943
T[G/C]C	1387
T[G/C]G	2158
T[G/C]T	2754
T[G/T]A	7803
T[G/T]C	3215
T[G/T]G	4112
T[G/T]T	4210
T[T/A]A	2814
T[T/A]C	1590
T[T/A]G	1083
T[T/A]T	3314
T[T/C]A	2566
T[T/C]C	2150
T[T/C]G	1412
T[T/C]T	2878
T[T/G]A	1285
T[T/G]C	927
T[T/G]G	1549
T[T/G]T	2764
