A[A/C]A	626
A[A/C]C	200
A[A/C]G	487
A[A/C]T	229
A[A/G]A	575
A[A/G]C	364
A[A/G]G	446
A[A/G]T	559
A[A/T]A	401
A[A/T]C	184
A[A/T]G	237
A[A/T]T	415
A[C/A]A	433
A[C/A]C	273
A[C/A]G	52
A[C/A]T	329
A[C/G]A	211
A[C/G]C	88
A[C/G]G	25
A[C/G]T	161
A[C/T]A	551
A[C/T]C	299
A[C/T]G	862
A[C/T]T	353
A[G/A]A	434
A[G/A]C	417
A[G/A]G	510
A[G/A]T	345
A[G/C]A	233
A[G/C]C	108
A[G/C]G	96
A[G/C]T	142
A[G/T]A	601
A[G/T]C	277
A[G/T]G	300
A[G/T]T	266
A[T/A]A	377
A[T/A]C	255
A[T/A]G	298
A[T/A]T	451
A[T/C]A	640
A[T/C]C	243
A[T/C]G	420
A[T/C]T	587
A[T/G]A	380
A[T/G]C	69
A[T/G]G	107
A[T/G]T	239
C[A/C]A	181
C[A/C]C	124
C[A/C]G	182
C[A/C]T	112
C[A/G]A	233
C[A/G]C	225
C[A/G]G	299
C[A/G]T	426
C[A/T]A	214
C[A/T]C	112
C[A/T]G	195
C[A/T]T	269
C[C/A]A	394
C[C/A]C	179
C[C/A]G	44
C[C/A]T	318
C[C/G]A	95
C[C/G]C	78
C[C/G]G	22
C[C/G]T	110
C[C/T]A	381
C[C/T]C	392
C[C/T]G	513
C[C/T]T	536
C[G/A]A	351
C[G/A]C	585
C[G/A]G	537
C[G/A]T	889
C[G/C]A	13
C[G/C]C	23
C[G/C]G	16
C[G/C]T	18
C[G/T]A	37
C[G/T]C	28
C[G/T]G	24
C[G/T]T	53
C[T/A]A	136
C[T/A]C	163
C[T/A]G	183
C[T/A]T	238
C[T/C]A	269
C[T/C]C	265
C[T/C]G	285
C[T/C]T	433
C[T/G]A	221
C[T/G]C	107
C[T/G]G	172
C[T/G]T	516
G[A/C]A	106
G[A/C]C	57
G[A/C]G	88
G[A/C]T	64
G[A/G]A	325
G[A/G]C	213
G[A/G]G	286
G[A/G]T	260
G[A/T]A	127
G[A/T]C	112
G[A/T]G	154
G[A/T]T	245
G[C/A]A	333
G[C/A]C	191
G[C/A]G	22
G[C/A]T	280
G[C/G]A	75
G[C/G]C	94
G[C/G]G	19
G[C/G]T	108
G[C/T]A	371
G[C/T]C	375
G[C/T]G	603
G[C/T]T	381
G[G/A]A	428
G[G/A]C	363
G[G/A]G	408
G[G/A]T	292
G[G/C]A	123
G[G/C]C	82
G[G/C]G	94
G[G/C]T	115
G[G/T]A	235
G[G/T]C	188
G[G/T]G	208
G[G/T]T	315
G[T/A]A	115
G[T/A]C	95
G[T/A]G	119
G[T/A]T	180
G[T/C]A	291
G[T/C]C	220
G[T/C]G	229
G[T/C]T	356
G[T/G]A	95
G[T/G]C	45
G[T/G]G	118
G[T/G]T	216
T[A/C]A	489
T[A/C]C	86
T[A/C]G	238
T[A/C]T	361
T[A/G]A	374
T[A/G]C	302
T[A/G]G	243
T[A/G]T	659
T[A/T]A	375
T[A/T]C	84
T[A/T]G	164
T[A/T]T	376
T[C/A]A	380
T[C/A]C	215
T[C/A]G	41
T[C/A]T	567
T[C/G]A	109
T[C/G]C	119
T[C/G]G	17
T[C/G]T	228
T[C/T]A	333
T[C/T]C	409
T[C/T]G	383
T[C/T]T	387
T[G/A]A	353
T[G/A]C	354
T[G/A]G	400
T[G/A]T	550
T[G/C]A	116
T[G/C]C	68
T[G/C]G	75
T[G/C]T	186
T[G/T]A	373
T[G/T]C	354
T[G/T]G	363
T[G/T]T	463
T[T/A]A	355
T[T/A]C	137
T[T/A]G	241
T[T/A]T	426
T[T/C]A	389
T[T/C]C	302
T[T/C]G	237
T[T/C]T	541
T[T/G]A	510
T[T/G]C	111
T[T/G]G	142
T[T/G]T	620
