A[A/C]A	2203
A[A/C]C	1571
A[A/C]G	2788
A[A/C]T	950
A[A/G]A	1203
A[A/G]C	715
A[A/G]G	1295
A[A/G]T	1211
A[A/T]A	663
A[A/T]C	302
A[A/T]G	566
A[A/T]T	887
A[C/A]A	742
A[C/A]C	544
A[C/A]G	62
A[C/A]T	547
A[C/G]A	361
A[C/G]C	209
A[C/G]G	67
A[C/G]T	423
A[C/T]A	1316
A[C/T]C	654
A[C/T]G	1479
A[C/T]T	849
A[G/A]A	2185
A[G/A]C	912
A[G/A]G	1056
A[G/A]T	862
A[G/C]A	881
A[G/C]C	261
A[G/C]G	268
A[G/C]T	399
A[G/T]A	1524
A[G/T]C	524
A[G/T]G	666
A[G/T]T	519
A[T/A]A	598
A[T/A]C	395
A[T/A]G	362
A[T/A]T	953
A[T/C]A	1297
A[T/C]C	584
A[T/C]G	834
A[T/C]T	1147
A[T/G]A	738
A[T/G]C	203
A[T/G]G	289
A[T/G]T	968
C[A/C]A	426
C[A/C]C	312
C[A/C]G	529
C[A/C]T	295
C[A/G]A	455
C[A/G]C	566
C[A/G]G	733
C[A/G]T	827
C[A/T]A	358
C[A/T]C	226
C[A/T]G	344
C[A/T]T	373
C[C/A]A	647
C[C/A]C	356
C[C/A]G	82
C[C/A]T	672
C[C/G]A	214
C[C/G]C	165
C[C/G]G	43
C[C/G]T	299
C[C/T]A	1074
C[C/T]C	733
C[C/T]G	1004
C[C/T]T	1022
C[G/A]A	797
C[G/A]C	1091
C[G/A]G	1024
C[G/A]T	1410
C[G/C]A	31
C[G/C]C	25
C[G/C]G	31
C[G/C]T	59
C[G/T]A	83
C[G/T]C	76
C[G/T]G	90
C[G/T]T	57
C[T/A]A	270
C[T/A]C	324
C[T/A]G	368
C[T/A]T	594
C[T/C]A	676
C[T/C]C	674
C[T/C]G	727
C[T/C]T	1271
C[T/G]A	693
C[T/G]C	317
C[T/G]G	527
C[T/G]T	2924
G[A/C]A	273
G[A/C]C	209
G[A/C]G	323
G[A/C]T	201
G[A/G]A	853
G[A/G]C	566
G[A/G]G	659
G[A/G]T	604
G[A/T]A	219
G[A/T]C	244
G[A/T]G	290
G[A/T]T	384
G[C/A]A	651
G[C/A]C	330
G[C/A]G	90
G[C/A]T	590
G[C/G]A	153
G[C/G]C	180
G[C/G]G	34
G[C/G]T	252
G[C/T]A	821
G[C/T]C	689
G[C/T]G	1124
G[C/T]T	873
G[G/A]A	1573
G[G/A]C	773
G[G/A]G	781
G[G/A]T	622
G[G/C]A	357
G[G/C]C	150
G[G/C]G	184
G[G/C]T	204
G[G/T]A	423
G[G/T]C	330
G[G/T]G	358
G[G/T]T	556
G[T/A]A	216
G[T/A]C	253
G[T/A]G	212
G[T/A]T	341
G[T/C]A	652
G[T/C]C	615
G[T/C]G	519
G[T/C]T	705
G[T/G]A	284
G[T/G]C	208
G[T/G]G	310
G[T/G]T	1659
T[A/C]A	1132
T[A/C]C	314
T[A/C]G	608
T[A/C]T	759
T[A/G]A	772
T[A/G]C	593
T[A/G]G	664
T[A/G]T	1366
T[A/T]A	842
T[A/T]C	244
T[A/T]G	307
T[A/T]T	604
T[C/A]A	973
T[C/A]C	434
T[C/A]G	88
T[C/A]T	1533
T[C/G]A	525
T[C/G]C	328
T[C/G]G	39
T[C/G]T	868
T[C/T]A	2190
T[C/T]C	1624
T[C/T]G	743
T[C/T]T	2013
T[G/A]A	2168
T[G/A]C	821
T[G/A]G	1051
T[G/A]T	1379
T[G/C]A	533
T[G/C]C	162
T[G/C]G	233
T[G/C]T	366
T[G/T]A	1051
T[G/T]C	663
T[G/T]G	621
T[G/T]T	684
T[T/A]A	863
T[T/A]C	253
T[T/A]G	337
T[T/A]T	659
T[T/C]A	776
T[T/C]C	891
T[T/C]G	480
T[T/C]T	1145
T[T/G]A	1108
T[T/G]C	268
T[T/G]G	386
T[T/G]T	2182
