A[A/C]A	524
A[A/C]C	219
A[A/C]G	244
A[A/C]T	291
A[A/G]A	821
A[A/G]C	732
A[A/G]G	589
A[A/G]T	1144
A[A/T]A	790
A[A/T]C	331
A[A/T]G	601
A[A/T]T	917
A[C/A]A	1174
A[C/A]C	1005
A[C/A]G	125
A[C/A]T	898
A[C/G]A	642
A[C/G]C	350
A[C/G]G	107
A[C/G]T	540
A[C/T]A	1579
A[C/T]C	769
A[C/T]G	5075
A[C/T]T	1198
A[G/A]A	1173
A[G/A]C	1002
A[G/A]G	1140
A[G/A]T	1129
A[G/C]A	576
A[G/C]C	221
A[G/C]G	293
A[G/C]T	495
A[G/T]A	1678
A[G/T]C	604
A[G/T]G	901
A[G/T]T	874
A[T/A]A	492
A[T/A]C	404
A[T/A]G	359
A[T/A]T	976
A[T/C]A	1204
A[T/C]C	490
A[T/C]G	724
A[T/C]T	1200
A[T/G]A	243
A[T/G]C	117
A[T/G]G	235
A[T/G]T	241
C[A/C]A	247
C[A/C]C	235
C[A/C]G	216
C[A/C]T	258
C[A/G]A	414
C[A/G]C	429
C[A/G]G	446
C[A/G]T	716
C[A/T]A	234
C[A/T]C	209
C[A/T]G	355
C[A/T]T	374
C[C/A]A	909
C[C/A]C	633
C[C/A]G	122
C[C/A]T	900
C[C/G]A	241
C[C/G]C	229
C[C/G]G	113
C[C/G]T	318
C[C/T]A	1057
C[C/T]C	1077
C[C/T]G	2463
C[C/T]T	1172
C[G/A]A	2020
C[G/A]C	3210
C[G/A]G	2500
C[G/A]T	4958
C[G/C]A	71
C[G/C]C	62
C[G/C]G	134
C[G/C]T	130
C[G/T]A	154
C[G/T]C	113
C[G/T]G	106
C[G/T]T	155
C[T/A]A	260
C[T/A]C	370
C[T/A]G	347
C[T/A]T	564
C[T/C]A	414
C[T/C]C	496
C[T/C]G	446
C[T/C]T	554
C[T/G]A	126
C[T/G]C	130
C[T/G]G	195
C[T/G]T	244
G[A/C]A	180
G[A/C]C	66
G[A/C]G	115
G[A/C]T	129
G[A/G]A	678
G[A/G]C	430
G[A/G]G	503
G[A/G]T	491
G[A/T]A	370
G[A/T]C	161
G[A/T]G	349
G[A/T]T	370
G[C/A]A	845
G[C/A]C	523
G[C/A]G	90
G[C/A]T	645
G[C/G]A	245
G[C/G]C	206
G[C/G]G	49
G[C/G]T	257
G[C/T]A	985
G[C/T]C	1067
G[C/T]G	3150
G[C/T]T	1020
G[G/A]A	1077
G[G/A]C	1046
G[G/A]G	1055
G[G/A]T	838
G[G/C]A	306
G[G/C]C	187
G[G/C]G	197
G[G/C]T	394
G[G/T]A	796
G[G/T]C	465
G[G/T]G	659
G[G/T]T	965
G[T/A]A	173
G[T/A]C	171
G[T/A]G	195
G[T/A]T	353
G[T/C]A	615
G[T/C]C	455
G[T/C]G	447
G[T/C]T	719
G[T/G]A	115
G[T/G]C	75
G[T/G]G	229
G[T/G]T	211
T[A/C]A	229
T[A/C]C	97
T[A/C]G	124
T[A/C]T	232
T[A/G]A	658
T[A/G]C	646
T[A/G]G	410
T[A/G]T	1246
T[A/T]A	730
T[A/T]C	188
T[A/T]G	268
T[A/T]T	510
T[C/A]A	1062
T[C/A]C	813
T[C/A]G	149
T[C/A]T	1675
T[C/G]A	356
T[C/G]C	347
T[C/G]G	75
T[C/G]T	621
T[C/T]A	1042
T[C/T]C	1119
T[C/T]G	2080
T[C/T]T	1192
T[G/A]A	1075
T[G/A]C	908
T[G/A]G	1011
T[G/A]T	1607
T[G/C]A	315
T[G/C]C	233
T[G/C]G	217
T[G/C]T	676
T[G/T]A	1106
T[G/T]C	809
T[G/T]G	862
T[G/T]T	1299
T[T/A]A	684
T[T/A]C	343
T[T/A]G	217
T[T/A]T	771
T[T/C]A	622
T[T/C]C	712
T[T/C]G	427
T[T/C]T	812
T[T/G]A	241
T[T/G]C	170
T[T/G]G	229
T[T/G]T	496
