A[A/C]A	791
A[A/C]C	301
A[A/C]G	728
A[A/C]T	305
A[A/G]A	945
A[A/G]C	508
A[A/G]G	728
A[A/G]T	834
A[A/T]A	871
A[A/T]C	299
A[A/T]G	565
A[A/T]T	806
A[C/A]A	890
A[C/A]C	671
A[C/A]G	101
A[C/A]T	636
A[C/G]A	480
A[C/G]C	264
A[C/G]G	71
A[C/G]T	476
A[C/T]A	1112
A[C/T]C	456
A[C/T]G	2665
A[C/T]T	678
A[G/A]A	1547
A[G/A]C	607
A[G/A]G	904
A[G/A]T	677
A[G/C]A	1865
A[G/C]C	285
A[G/C]G	387
A[G/C]T	485
A[G/T]A	1548
A[G/T]C	568
A[G/T]G	850
A[G/T]T	586
A[T/A]A	562
A[T/A]C	407
A[T/A]G	345
A[T/A]T	853
A[T/C]A	1203
A[T/C]C	388
A[T/C]G	597
A[T/C]T	836
A[T/G]A	316
A[T/G]C	109
A[T/G]G	181
A[T/G]T	308
C[A/C]A	346
C[A/C]C	171
C[A/C]G	269
C[A/C]T	195
C[A/G]A	372
C[A/G]C	426
C[A/G]G	465
C[A/G]T	618
C[A/T]A	250
C[A/T]C	240
C[A/T]G	386
C[A/T]T	387
C[C/A]A	811
C[C/A]C	558
C[C/A]G	125
C[C/A]T	875
C[C/G]A	316
C[C/G]C	253
C[C/G]G	62
C[C/G]T	468
C[C/T]A	742
C[C/T]C	588
C[C/T]G	1568
C[C/T]T	874
C[G/A]A	1213
C[G/A]C	2140
C[G/A]G	1588
C[G/A]T	2530
C[G/C]A	75
C[G/C]C	30
C[G/C]G	81
C[G/C]T	71
C[G/T]A	119
C[G/T]C	76
C[G/T]G	116
C[G/T]T	81
C[T/A]A	310
C[T/A]C	429
C[T/A]G	417
C[T/A]T	572
C[T/C]A	440
C[T/C]C	449
C[T/C]G	479
C[T/C]T	673
C[T/G]A	192
C[T/G]C	204
C[T/G]G	274
C[T/G]T	771
G[A/C]A	201
G[A/C]C	80
G[A/C]G	195
G[A/C]T	119
G[A/G]A	557
G[A/G]C	298
G[A/G]G	450
G[A/G]T	380
G[A/T]A	298
G[A/T]C	164
G[A/T]G	392
G[A/T]T	354
G[C/A]A	626
G[C/A]C	393
G[C/A]G	73
G[C/A]T	532
G[C/G]A	212
G[C/G]C	187
G[C/G]G	42
G[C/G]T	275
G[C/T]A	661
G[C/T]C	599
G[C/T]G	2005
G[C/T]T	626
G[G/A]A	1157
G[G/A]C	616
G[G/A]G	603
G[G/A]T	468
G[G/C]A	571
G[G/C]C	234
G[G/C]G	229
G[G/C]T	291
G[G/T]A	707
G[G/T]C	405
G[G/T]G	636
G[G/T]T	688
G[T/A]A	183
G[T/A]C	192
G[T/A]G	238
G[T/A]T	315
G[T/C]A	552
G[T/C]C	321
G[T/C]G	354
G[T/C]T	558
G[T/G]A	117
G[T/G]C	78
G[T/G]G	156
G[T/G]T	296
T[A/C]A	326
T[A/C]C	87
T[A/C]G	158
T[A/C]T	310
T[A/G]A	740
T[A/G]C	514
T[A/G]G	428
T[A/G]T	1182
T[A/T]A	794
T[A/T]C	178
T[A/T]G	330
T[A/T]T	572
T[C/A]A	980
T[C/A]C	727
T[C/A]G	101
T[C/A]T	1544
T[C/G]A	1138
T[C/G]C	581
T[C/G]G	72
T[C/G]T	1806
T[C/T]A	2018
T[C/T]C	1133
T[C/T]G	1221
T[C/T]T	1559
T[G/A]A	1835
T[G/A]C	667
T[G/A]G	742
T[G/A]T	1017
T[G/C]A	1111
T[G/C]C	218
T[G/C]G	332
T[G/C]T	493
T[G/T]A	957
T[G/T]C	581
T[G/T]G	820
T[G/T]T	938
T[T/A]A	811
T[T/A]C	321
T[T/A]G	232
T[T/A]T	934
T[T/C]A	763
T[T/C]C	667
T[T/C]G	372
T[T/C]T	1065
T[T/G]A	365
T[T/G]C	199
T[T/G]G	300
T[T/G]T	848
